,BAA,AAA,UNRATE,GS10,TB3MS,HOUST,RPI,INDPRO,INVEST,CPIAUCSL,GDPC1,Covid
1959-04-01,0.06333333333333346,0.11000000000000003,-0.19999999999999987,0.11666666666666654,0.13666666666666671,-0.02498767949115166,0.005125004725851016,0.012390370563889844,-0.0008882714753222961,0.001147528668717257,8.913675384248876,0
1959-07-01,0.04666666666666656,0.01999999999999987,0.16666666666666666,0.11333333333333329,0.27666666666666667,0.008106435218233324,-0.0018232682559441808,-0.019972128907368287,0.006726243802676575,-3.845739236988758e-06,0.278809715499051,0
1959-10-01,0.03333333333333351,0.020000000000000167,-0.06666666666666672,0.003333333333333558,0.15000000000000005,0.01294867252967998,0.006340884065741292,0.019590805249140104,0.0030602437878627007,-0.00011794143047586896,1.1383015471430724,0
1960-01-01,-0.010000000000000083,-0.029999999999999954,0.03333333333333351,-0.1466666666666668,-0.39333333333333337,-0.12238990854878236,0.002083405426724324,0.0026531405792469265,-0.009594189031864412,-0.0006807354305993959,8.894873400141279,0
1960-04-01,0.0033333333333332624,-0.013333333333333345,0.0,-0.033333333333333215,-0.2833333333333334,0.03909398610988971,0.0022112071016741433,-0.007250482837590925,0.005984489910425772,0.0004506027497048019,-2.1592465838430996,0
1960-07-01,-0.08333333333333333,-0.06666666666666672,0.033333333333333215,-0.11666666666666685,0.006666666666666672,-0.04272049513493551,0.0004986737129574573,-0.005054156206958964,0.006526976173793682,-0.0004506027497048019,1.9549399294533032,0
1960-10-01,0.029999999999999954,0.033333333333333215,0.36666666666666653,0.013333333333333345,-0.07666666666666666,-0.010494693977760742,-0.001979012350802852,-0.01155728343749581,0.0008229041749476806,0.00033562681137233596,-5.165737529728887,0
1961-01-01,-0.02666666666666669,-0.0433333333333333,0.10000000000000024,-0.033333333333333215,0.04666666666666671,0.07015253038736209,0.005631920654116662,0.002022369305568835,-0.0075695646911831576,-0.00033562681137233596,2.6909996853525797,0
1961-04-01,0.003333333333333558,0.03666666666666677,0.0,0.04666666666666656,-0.020000000000000018,0.017326344941193856,0.006421615716915833,0.016511985007606977,0.009659074031110807,0.0,6.7344089130905616,0
1961-07-01,0.029999999999999954,0.040000000000000036,-0.06666666666666672,0.03333333333333336,-0.016666666666666757,0.011147724534083933,0.001544928415140016,0.006458395176203909,-0.0012440690160320973,0.0004450378943231155,7.608637950862374,0
1961-10-01,-0.006666666666666821,-0.010000000000000083,-0.2333333333333334,0.026666666666666543,0.10666666666666676,-0.015273490103602386,0.00823298213452528,0.014359276372646038,-0.003975742010095947,-0.00011164896838182041,7.770707414716327,0
1962-01-01,-0.01999999999999987,-0.010000000000000083,-0.13333333333333344,-0.04333333333333315,0.040000000000000036,0.018523283718270278,0.003361933669950782,0.004296107860855584,-0.0046054774630478095,0.000330181299834494,7.071770337623207,0
1962-04-01,-0.006666666666666821,-0.03666666666666648,-0.033333333333333215,-0.006666666666666672,0.0033333333333332624,-0.009132991396038292,0.0026356534656241473,-0.00035557109869133185,0.005609667870747496,-0.000994422196693101,3.602744036864891,0
1962-07-01,0.003333333333333558,0.013333333333333345,0.033333333333333215,0.02333333333333328,0.016666666666666607,-0.019555949362934182,0.0023034967905915713,0.00564931931298851,-0.0016622874556476337,0.0018684713915502194,4.888275567318345,0
1962-10-01,-0.03666666666666677,-0.02666666666666669,-0.033333333333333215,-0.040000000000000036,0.0300000000000001,0.05552972820276766,0.004542931895915814,0.0017456324611416403,0.002738955944550092,-0.0015376194206329075,1.315442129373423,0
1963-01-01,-0.013333333333333345,-0.016666666666666607,0.06666666666666672,0.023333333333333428,0.006666666666666672,-0.006455979726018413,0.0017889730864215636,0.008256866322341239,-0.005748679460210108,0.0003279226367108497,4.3446807291850575,0
1963-04-01,-0.013333333333333345,0.013333333333333345,-0.03333333333333351,0.020000000000000018,0.03333333333333336,0.011532219959959752,0.003904098196400104,0.008057272888268555,0.0020004095851717807,0.000762828772870113,4.464648015941464,0
1963-07-01,0.0,0.026666666666666394,-0.033333333333333215,0.029999999999999954,0.1299999999999999,0.03484718019692975,0.0036018762668075985,0.0026426441048636264,0.0019537909508855478,-0.0014161134005994391,8.70002131109402,0
1963-10-01,0.0033333333333332624,0.013333333333333345,0.0,0.016666666666666607,0.04666666666666671,-0.05585662254437729,0.0051548097277317835,0.003274718005412236,0.002141814506362749,0.0014065609062992774,2.615052201603163,0
1964-01-01,-0.006666666666666525,0.010000000000000083,-0.033333333333333215,0.029999999999999954,0.006666666666666672,0.005762554861264609,0.0042557290682380495,0.005172585901434286,-0.0037578349135056754,-0.0007578359149825372,8.347151669722308,0
1964-04-01,0.006666666666666525,0.010000000000000083,-0.06666666666666672,-0.016666666666666607,-0.020000000000000018,0.007173410188253608,0.005188992431361801,0.008238513331817318,-0.0008399202270084061,-7.302924198704375e-07,4.332722948976198,0
1964-07-01,-0.009999999999999787,0.0033333333333332624,-0.03333333333333351,0.010000000000000083,0.016666666666666607,-0.02108301010256645,0.005063008928836747,0.00558677768868258,0.006474776635335762,-7.270012254423364e-07,6.202074999144003,0
1964-10-01,-0.003333333333333558,0.006666666666666821,-0.033333333333333215,-0.006666666666666821,0.10333333333333335,0.006578414707244147,0.005699178010774612,0.009407913421454714,-0.003791046055777514,0.00010503425992129205,1.2348562958102605,0
1965-01-01,-0.009999999999999787,-0.006666666666666821,-0.09999999999999994,0.010000000000000083,0.0300000000000001,-0.01399127521249118,0.0038791422143239864,0.01002098666683334,-0.004124656235370949,-0.00010740007950627017,9.564369183250676,0
1965-04-01,0.023333333333333133,0.013333333333333345,-0.03333333333333351,0.0,-0.043333333333333446,0.014888539101061582,0.004163741713008188,0.006611912320558133,0.0018832768685970909,0.0010541610057065813,5.022222548175392,0
1965-07-01,0.020000000000000167,0.01999999999999987,-0.09999999999999994,0.02666666666666669,0.040000000000000036,-0.0013468031790016728,0.011684172046912522,0.005365880780418515,0.0019465327461517152,-0.0006349532947399853,8.79523406872309,0
1965-10-01,0.03666666666666648,0.05333333333333338,-0.09999999999999994,0.11000000000000003,0.15333333333333332,0.037004176363057674,0.0028121435106414814,0.008844353708705732,0.001434736328191022,0.00030947129512259863,9.111050461486059,0
1966-01-01,0.10000000000000024,0.08000000000000007,-0.06666666666666672,0.08333333333333333,0.06999999999999999,-0.05740924787491183,0.004239093818529938,0.009943777426821251,-0.008425262643760275,-1.0766037849367175e-05,9.61875800108487,0
1966-04-01,0.0866666666666666,0.05000000000000012,0.0,-0.020000000000000167,-0.029999999999999954,-0.05162276578930728,0.0024493480765723774,0.0052530933336871755,0.0011993808052889559,-0.0007284770877813429,1.363555117326598,0
1966-07-01,0.16999999999999993,0.13999999999999999,-0.033333333333333215,0.12333333333333336,0.29000000000000004,-0.04411188310922635,0.005002360020170589,0.005172544077379253,0.008307649165643305,0.0007103930187470908,3.373068235302412,0
1966-10-01,0.029999999999999954,-0.03333333333333351,0.033333333333333215,-0.11333333333333329,-0.13666666666666671,-0.01834123383207764,0.00334013020694357,0.0007681492865874162,0.00308694409984156,-0.0006141002459768193,3.2682256540745414,0
1967-01-01,-0.11000000000000003,-0.0866666666666666,0.0,-0.09999999999999994,-0.2333333333333334,0.02151284037919036,0.005522891338260412,-0.004117404541533236,-0.002144410707215568,-0.00040526854029672893,3.527572719993799,0
1967-04-01,0.10000000000000024,0.1033333333333335,0.03333333333333336,0.15999999999999984,-0.2399999999999999,0.05568469488772217,0.001652048260098719,0.00016648454758438902,-0.006875910779990058,0.002008038201126864,0.24533062826463947,0
1967-07-01,0.08333333333333333,0.06999999999999999,-0.03333333333333336,0.09333333333333342,0.2933333333333333,0.043272859722575774,0.0035335290675030015,0.005024501026866357,0.009983720006003042,-0.0010144954884142205,3.7665150191052987,0
1967-10-01,0.17666666666666644,0.18000000000000002,0.0,0.13333333333333344,0.18333333333333326,-0.027620532026652118,0.0034649850560134845,0.011007674233654749,-0.008027153379683702,-1.1705969460281315e-05,3.004104190667789,0
1968-01-01,-0.02666666666666669,-0.02666666666666669,-0.033333333333333215,0.013333333333333345,0.06666666666666672,0.038012783476484145,0.007181854151194618,0.0018725819125136784,0.0007683324610345821,-8.600042140945638e-06,8.075025352778908,0
1968-04-01,0.07333333333333354,0.05666666666666664,0.0,-0.006666666666666821,0.11666666666666654,-0.014166766892916923,0.004766359434741574,0.00542270307727873,-0.004269960562108821,0.0009535509373882848,6.626302827451269,0
1968-07-01,-0.09333333333333342,-0.1033333333333335,-0.10000000000000009,-0.0866666666666666,-0.10999999999999972,0.03402704099016359,0.005125717504697036,0.0016768845020784795,0.011087186155941767,-0.0009757646443642187,3.086138255497417,0
1968-10-01,0.1466666666666668,0.16000000000000014,0.0,0.19000000000000009,0.25666666666666654,-0.001718216862887978,0.0034262192544278016,0.005996461675470854,-0.001994857300306722,0.0009269162452832566,1.568019021696898,0
1969-01-01,0.09333333333333312,0.13333333333333316,0.0,0.08999999999999986,0.01999999999999987,0.0027876221219198527,0.003354171859974997,0.006740372304200252,-0.009838761967788953,0.0009037180713081424,6.209278408137919,0
1969-04-01,0.06333333333333346,0.04333333333333359,0.03333333333333336,0.09000000000000015,0.14000000000000026,-0.007122316929655407,0.0032470256753072135,0.0007500146902699178,-0.00018807101654694236,-0.0009551687225184402,1.2115790260551762,0
1969-07-01,0.11666666666666685,0.05333333333333309,0.06666666666666672,0.19666666666666663,0.21666666666666648,-0.004612923699990112,0.0047597506702998045,0.002445104187528931,0.0038178563951379494,-2.468239923913984e-05,2.631136814059687,0
1969-10-01,0.19999999999999987,0.19333333333333336,-0.06666666666666672,0.1633333333333334,0.24333333333333348,-0.042400054764762864,0.0016411574837711385,-0.003955435512786802,0.001825740552979127,-2.8752363102698315e-05,-1.9576187351304952,0
1970-01-01,-0.006666666666666525,0.040000000000000036,0.3000000000000001,-0.19333333333333336,-0.3966666666666668,-0.0020156272049642134,0.002704515541593011,-0.006882477923454792,0.002630004852301878,-2.7849141218302027e-05,-0.5960106701543566,0
1970-04-01,0.20666666666666642,0.2133333333333335,0.16666666666666666,0.25666666666666654,0.016666666666666607,0.01627542196804151,0.0024265664230167516,-0.002326989897601569,-0.003699543149306391,-2.254796516742985e-05,0.5664723569900332,0
1970-07-01,0.046666666666666856,-0.1300000000000002,0.16666666666666666,-0.15000000000000005,-0.18666666666666654,0.03405952110192079,0.0024755812925440304,-0.0020831514225766825,0.005997889373491401,-1.7623163890719457e-05,3.6689911039523793,0
1970-10-01,-0.09000000000000045,-0.15000000000000005,0.2333333333333331,-0.3333333333333333,-0.4166666666666667,0.07009472309404045,-0.0003545422710491408,-0.001192156957719052,0.004598493032392644,-2.5768878937793005e-05,-4.30942346463965,0
1971-01-01,-0.21999999999999945,-0.14333333333333323,-0.033333333333333215,-0.22999999999999984,-0.49666666666666676,0.002980123277117682,0.004564362680210247,0.0015571601367783867,-0.007040227510320444,-0.0008448879372795481,10.719666073861589,0
1971-04-01,0.09666666666666639,0.14333333333333323,-0.033333333333333215,0.27333333333333315,0.4566666666666667,0.01965338792265096,0.008360138923372654,0.004948437049662857,-0.0017861511253617717,0.0008157916472459151,2.1574381048573343,0
1971-07-01,-0.05333333333333338,-0.06666666666666643,0.033333333333333215,-0.12666666666666662,-0.01999999999999987,0.0024588260004054043,-0.0010862936911385883,0.0024647799726820927,0.0003570242645650386,-0.000832172066096574,3.2763326473940424,0
1971-10-01,-0.06999999999999969,-0.06333333333333346,0.0,-0.06999999999999999,-0.22666666666666688,0.03909765322826697,0.004352723624355903,0.007723309642464334,0.004974508750767252,-5.978054561743089e-06,0.9383570608775926,0
1972-01-01,-0.046666666666666856,-0.0033333333333332624,-0.06666666666666672,0.046666666666666856,-0.09333333333333327,0.00561689678395183,0.006406543473743771,0.013520151019295342,-0.0014461044555747666,-0.0008120182659604088,7.282172009495014,0
1972-04-01,-0.013333333333333641,-0.0033333333333332624,-0.033333333333333215,0.013333333333333345,0.06000000000000005,-0.011625706082259768,0.0027851840194668873,0.004246228240489369,-0.007236677630896082,0.0008003205125127385,8.975688803752035,0
1972-07-01,-0.03666666666666648,-0.003333333333333558,-0.06666666666666672,0.1466666666666665,0.25,0.03198509636402639,0.006353210212258394,0.006889267345212484,0.005492852611722536,0.0007869840742351641,3.758643829450392,0
1972-10-01,-0.05333333333333338,-0.04666666666666656,-0.09999999999999994,-0.06333333333333317,0.13666666666666671,-0.015820313051156276,0.012200795781080132,0.01181819941543146,0.003353293018575639,-0.0008020666892615639,6.642286891205629,0
1973-01-01,0.033333333333333215,0.06999999999999999,-0.09999999999999994,0.11666666666666654,0.33999999999999986,-0.0001409145374330715,0.00029102439045066336,0.007295533702402324,-0.009181624438130124,0.0023012039067792736,9.779244713601543,0
1973-04-01,0.033333333333333805,0.02666666666666669,0.0,0.06333333333333346,0.36666666666666686,-0.04489324708142176,0.0030358490415072956,0.0022220322766998515,0.0024061391796461606,-0.0008162854700900132,4.33143717205553,0
1973-07-01,0.16666666666666666,0.0866666666666666,-0.03333333333333351,0.06333333333333317,0.36666666666666625,-0.03267436562780013,0.0019700097586614618,0.0033817820573525856,0.002214063313293065,-0.0007919573115535705,-2.108902897416698,0
1973-10-01,-0.05000000000000012,0.016666666666666607,0.03333333333333351,-0.11666666666666654,-0.27999999999999964,-0.06847508365132171,0.0027709960285052424,0.003360156730721838,0.001927815959111771,0.0014140823192742384,3.779015812473574,0
1974-01-01,0.046666666666666266,0.11000000000000003,0.06666666666666643,0.1566666666666666,0.16999999999999993,0.006275204256310711,-0.007049808194527903,-0.0032479949880335943,-0.001370891149534259,0.0006128333246113726,-3.4536881924509544,0
1974-04-01,0.21666666666666679,0.15333333333333363,0.10000000000000024,0.11000000000000003,-0.01999999999999987,-0.009127036941659542,-0.00012471495583336414,0.0010691380877399699,-0.003843817427756413,-0.0007728589317815467,0.9496598328389894,0
1974-07-01,0.3033333333333334,0.25666666666666654,0.16666666666666666,0.16666666666666638,0.05333333333333338,-0.09144416414368657,0.00040692112123904184,-0.002841742365132127,-0.0011589297831863614,0.0019112687772562253,-3.7990939494555676,0
1974-10-01,0.15000000000000036,-0.11666666666666654,0.4333333333333333,-0.20333333333333314,-0.3033333333333334,-0.05502658345314959,-0.0011225682362372424,-0.024322140583137013,0.007198379541052328,-0.0020645303445981553,-1.556648105128744,0
1975-01-01,-0.05000000000000012,-0.07333333333333354,0.4666666666666665,0.10000000000000024,-0.5533333333333333,0.006097731015775191,-0.00022634833356072193,-0.01615489262990148,0.0035786917011183896,-0.0013139705112002649,-4.900432919654918,0
1975-04-01,0.046666666666666266,0.033333333333333215,0.06666666666666703,0.0433333333333333,-0.05000000000000012,0.030148741025345593,0.008199472335156463,0.0017707895252141448,-0.003010109552531226,0.0012365515618385874,2.8486372182065622,0
1975-07-01,-0.0033333333333332624,0.05999999999999991,-0.13333333333333344,0.1899999999999998,0.36000000000000004,0.05028656252853114,-0.0004336467273725238,0.011015039196042705,0.00017111337610723845,-5.0583782936245804e-05,6.790217143386457,0
1975-10-01,-0.016666666666666313,-0.05333333333333338,-0.06666666666666703,-0.14333333333333323,-0.3266666666666665,0.014702576605174045,0.0020282194207581483,0.006431210444314199,-0.0003330484379902761,-0.0006475605256704616,5.352401073600532,0
1976-01-01,-0.14666666666666708,-0.08999999999999986,-0.19999999999999987,-0.08999999999999986,-0.1466666666666668,0.024323941191591796,0.0049930508551897885,0.008340923161131997,-0.002065831385758147,-0.0012076607180503036,8.898160921062015,0
1976-04-01,-0.07666666666666622,0.033333333333333215,0.0,0.0433333333333333,0.13666666666666671,0.01692178590922862,0.0021584906461319755,0.0034057409953234994,-0.003419889177217842,0.001172580551865643,2.922791705026384,0
1976-07-01,-0.1633333333333334,-0.07999999999999947,0.0,-0.09000000000000015,-0.11000000000000003,0.04673269466090405,0.0032771496753358775,0.005328284085870087,0.001008955895766069,-2.7702749513913716e-05,2.183659019419082,0
1976-10-01,-0.09333333333333371,-0.13333333333333344,0.06666666666666672,-0.2399999999999999,-0.24333333333333348,0.015894043605023295,0.003823163884326538,0.008525553632674635,0.005686304789809545,-2.39060016120618e-05,2.880021203429095,0
1977-01-01,0.0,0.03999999999999974,-0.13333333333333316,0.19666666666666663,0.08333333333333333,0.0447182708162277,0.0009316930489185656,0.007117539128223142,-0.0035072914455979523,-3.4652636230407076e-05,4.717010209206052,0
1977-04-01,-0.06999999999999969,-0.04999999999999982,-0.06666666666666672,-0.05999999999999991,0.13999999999999999,-0.02866612062064296,0.0027791279635511756,0.008388074806365164,-0.003375328528958832,-2.5085115201347225e-05,7.693235161446665,0
1977-07-01,-0.03666666666666648,-0.010000000000000083,-0.13333333333333344,0.01999999999999987,0.26333333333333336,0.00971784943274597,0.0052241756678022,0.002126713362966844,0.00017061646250067972,-0.0005676786524680585,7.148403098157274,0
1977-10-01,0.06333333333333317,0.08999999999999986,-0.13333333333333316,0.11666666666666685,0.08666666666666689,0.03147451716671116,0.006960391985427232,0.0016790254784693204,0.002721456093625285,0.0005196879945665126,0.007971039148202408,0
1978-01-01,0.07666666666666681,0.09333333333333371,-0.03333333333333351,0.11666666666666625,0.07333333333333325,-0.01757314743644045,0.002206400539032908,0.0031670344488439937,-0.0005767474960688782,0.0005006981011105675,1.2773269305647261,0
1978-04-01,0.12666666666666634,0.09666666666666639,-0.13333333333333316,0.14000000000000057,0.1466666666666668,0.006176025853680637,0.003500778483369752,0.010399083352395255,-0.0018737698600033899,0.00046430368075434103,15.167841769011403,0
1978-07-01,-0.05999999999999991,-0.023333333333333428,0.033333333333333215,-0.013333333333333641,0.3733333333333331,-0.016505021509126767,0.003771277243120134,0.0019338772585072068,0.002035586936953789,0.0004471533531456018,4.002899038963648,0
1978-10-01,0.1733333333333332,0.15666666666666687,0.0,0.19666666666666663,0.41000000000000014,0.012291709863853603,0.0036851769554685867,0.0067107784870669525,-0.0015788640756125478,-0.0010516898223936384,5.340688777143043,0
1979-01-01,0.10666666666666676,0.06999999999999969,-0.06666666666666672,0.03666666666666648,0.13333333333333344,-0.03378199037478513,0.0034284751934497613,0.0008696192462108362,0.0015922944737297347,0.0013854499766579782,0.7177309477135907,0
1979-04-01,0.040000000000000334,-0.02666666666666669,-0.033333333333333215,-0.06999999999999969,-0.13999999999999999,0.011703329747004313,-0.004001357288920815,-0.0009498975876630252,-0.0024553048945451885,0.0003591299790339046,0.42675342381599535,0
1979-07-01,0.05333333333333279,0.05000000000000012,0.06666666666666672,0.13999999999999999,0.39999999999999974,-0.014421474735392495,0.0030263810229058663,-0.002817457817451796,0.004046040778382516,-0.0005630113031622012,2.960237918395592,0
1979-10-01,0.5066666666666672,0.43333333333333357,0.033333333333333215,0.3533333333333335,0.5933333333333332,-0.06709246038563688,0.001924434828772803,0.00211854107484181,-0.004009614953624545,0.00077313119383741,0.9989323068019473,0
1980-01-01,0.7966666666666663,0.7400000000000002,0.09999999999999994,0.7866666666666665,1.0533333333333335,-0.11940065106887587,-0.00281816875415745,0.0005286626909580446,0.0009986606445406092,0.0006851551273416115,1.2563096561727605,0
1980-04-01,-0.5799999999999995,-0.7933333333333336,0.4333333333333333,-0.9900000000000002,-2.7099999999999995,0.04435124121334658,-0.0006296778972908849,-0.019325997426483738,0.0023440659831276043,-0.0013612367108715162,-8.327831932629692,0
1980-07-01,0.32999999999999946,0.4799999999999998,-0.033333333333333215,0.5766666666666668,1.0666666666666664,0.0689865953636204,0.004606391576161902,0.004145867532281115,-0.0002287451137057417,-0.00045534194289320595,-0.47570175224933564,0
1980-10-01,0.4800000000000004,0.3966666666666671,-0.09999999999999994,0.44333333333333336,1.7400000000000002,0.0024833617515313358,0.005278650498946528,0.011956572989672676,-0.002025360387928702,0.0003080423387720188,7.390987394368409,0
1981-01-01,0.06666666666666643,0.03999999999999974,0.06666666666666672,0.09333333333333312,-0.7100000000000003,-0.04214116533988518,-0.0009550612111635104,-0.001875329077536551,-0.0001814745389842424,-0.0008357831764952787,7.761890672144034,0
1981-04-01,0.15333333333333363,0.13999999999999999,0.033333333333333215,0.11666666666666714,0.456666666666667,-0.07431738181248833,0.002211081874326245,0.002130240265090233,-5.177841666981209e-05,0.0006946795027674332,-2.975341260138009,0
1981-07-01,0.3733333333333337,0.5800000000000001,0.033333333333333215,0.6166666666666666,-0.010000000000000378,-0.04574308904631774,0.005736358167573267,0.00015298281091820817,-0.0009545085945710241,0.0002783240264475258,4.761555002768603,0
1981-10-01,-0.12333333333333367,-0.41999999999999993,0.3000000000000001,-0.5333333333333332,-1.2833333333333332,-0.00036609924968752,-0.0010999692285291,-0.010099549777077351,-0.0009301289764585737,-0.0021736210471058706,-4.382305248093132,0
1982-01-01,0.08999999999999986,0.11666666666666654,0.16666666666666666,0.046666666666666266,0.61,0.00760489258872384,0.0004363705325124793,-0.002456656096255857,0.0012232925902022629,-0.0010643968597185232,-6.263360730763168,0
1982-04-01,0.033333333333333805,0.07666666666666681,0.19999999999999987,0.14666666666666708,-0.06999999999999969,-0.010548252404814384,0.0011806522084771842,-0.00618707293901366,0.0006831803332776332,0.003801665537996731,1.8205591765521945,0
1982-07-01,-0.4300000000000003,-0.6233333333333336,0.16666666666666666,-0.6533333333333337,-1.5166666666666668,0.07922388395903972,0.0005466270985034308,-0.004977185823104839,0.0012763559461210032,-0.003801665537996731,-1.53199737122236,0
1982-10-01,-0.49666666666666676,-0.36999999999999983,0.2333333333333337,-0.6000000000000002,0.006666666666666821,0.043379468395034,0.002801598952483294,-0.006693649825557646,0.003419990573799344,-0.0010219732072783334,0.16000314632407253,0
1983-01-01,-0.17666666666666705,-0.033333333333333215,-0.16666666666666666,-0.009999999999999787,0.1366666666666664,0.06969243912728729,0.0014833852094096045,0.006857837676472005,0.0016690085379993391,0.0013619358408600846,5.236732349996487,0
1983-04-01,-0.08000000000000007,0.0033333333333332624,-0.06666666666666703,0.11333333333333329,0.1466666666666665,0.02536913173629962,0.002421765057485222,0.008234195866978192,-0.0005230603772898116,0.00033140382365193233,9.000065817965464,0
1983-07-01,0.0600000000000005,0.20999999999999966,-0.3000000000000001,0.2666666666666669,0.07000000000000028,-0.004453546739633533,0.0027076603001331043,0.013660798436959295,-0.0037529351506847184,0.00032614052158456513,7.916951322731336,0
1983-10-01,0.06666666666666643,0.06666666666666703,-0.29999999999999954,0.05999999999999991,0.0,-0.0043163247802674816,0.008677263988447592,0.0056918740444653615,-0.002128472224129041,-9.851935265814404e-06,8.258879309601497,0
1984-01-01,0.08000000000000007,0.0,-0.16666666666666696,0.1633333333333334,0.1733333333333332,-0.004973731987658307,0.004915497000718953,0.00967707409316724,0.0011482875467218416,-1.441834244086948e-05,7.743718840227842,0
1984-04-01,0.3533333333333335,0.3266666666666668,-0.19999999999999987,0.4133333333333334,0.11666666666666654,0.034257159492298385,0.005286699761483031,0.0049910974028783235,-0.0033522248769891996,-0.0003297358577588246,6.852022040238381,0
1984-07-01,-0.2333333333333337,-0.29666666666666686,0.033333333333333215,-0.34666666666666696,0.16666666666666666,-0.027314530266176956,0.0054514826459974115,0.0002768386655279305,0.0013483990276575615,0.00031297996596476213,3.837572472394868,0
1984-10-01,-0.31666666666666643,-0.17666666666666644,0.0,-0.33999999999999986,-0.7699999999999996,-0.017325147934906287,0.0030272157712592693,0.0011916975297413164,-0.000870977469793921,-0.00032396955058692595,3.2696916876567172,0
1985-01-01,0.09666666666666639,0.14333333333333323,-0.033333333333333215,0.11999999999999982,0.15333333333333302,0.036770340272560986,0.0013122809210663888,0.0013618643279886082,0.00254096048426522,0.0009317024673336505,3.8572589264589396,0
1985-04-01,-0.4299999999999997,-0.5400000000000004,0.06666666666666672,-0.5666666666666664,-0.5233333333333331,-0.023792220947409366,0.0012873687700724428,-0.0004036565449458962,0.0017102002509833032,-0.0006326807490590151,3.50648002994447,0
1985-07-01,0.02666666666666669,0.04333333333333359,-0.10000000000000024,0.06999999999999969,0.04999999999999982,0.0,0.0019981381290422227,0.0005573308983555236,-0.0025668377338131285,-0.0003142488499806954,6.062904149531079,0
1985-10-01,-0.3000000000000001,-0.3033333333333334,-0.033333333333333215,-0.36999999999999983,0.0,0.04910278926974746,0.004140952540506504,0.0033269620713909376,0.006906152197799109,0.0009082715487795193,2.962796731476658,0
1986-01-01,-0.36000000000000004,-0.3866666666666667,0.06666666666666672,-0.4933333333333332,-0.18000000000000002,-0.01152550642836688,0.004557940995955671,-0.0028906217207046816,-0.011285116830189365,-0.0033537138231907924,3.7176606214451624,0
1986-04-01,-0.05333333333333338,0.04333333333333359,0.0,0.006666666666666525,-0.11666666666666654,-0.005193049788976722,0.0015545946516054936,-0.0003762261882641245,0.0053531692032547555,0.0030491607336324833,1.7971422180302454,0
1986-07-01,-0.046666666666666856,-0.08000000000000007,-0.06666666666666672,-0.11666666666666654,-0.3333333333333333,-0.030203632551090525,0.0025847433052425353,0.0024017478692138403,0.0038231455692695113,-6.672160078657896e-06,3.8084837814011507,0
1986-10-01,-0.07666666666666622,-0.13333333333333344,-0.13333333333333344,-0.11333333333333329,0.10666666666666676,0.0276673884312455,0.0017837218065081355,0.005897162285356157,-0.003373422793827352,-8.783602771048985e-06,2.139837666846489,0
1987-01-01,-0.1200000000000004,-0.04333333333333359,0.0,0.04666666666666656,0.01999999999999987,-0.020049125398777196,0.0011829511585374302,0.0036827906273844135,-0.0019340319583379302,-1.5069367530114638e-05,2.9564271974166445,0
1987-04-01,0.3033333333333334,0.3200000000000003,-0.13333333333333316,0.38333333333333347,0.02666666666666669,-0.02652000409773751,0.0014387358747048513,0.0059266367655463155,-0.0008829123530356142,0.00028119528050633374,4.2896270082984245,0
1987-07-01,0.26333333333333364,0.28666666666666646,-0.09999999999999994,0.33999999999999986,0.24333333333333348,0.02047872015479661,0.0031801901349256903,0.006068973674903629,0.0014715179737923023,-0.0003071882915189524,3.4537585332302,0
1987-10-01,-0.006666666666667116,-0.023333333333333428,-0.06666666666666672,-0.14333333333333323,-0.21000000000000027,-0.06373683473706689,0.007570360789130722,0.007897329243893006,0.000365412035454149,-0.0005872837234273121,6.809534933022832,0
1988-01-01,-0.23999999999999963,-0.23999999999999963,0.0,-0.206666666666667,-0.023333333333333133,0.03003394489906223,0.002107204932113286,0.0024223618255104404,6.463409018990045e-05,0.0002822754745555045,2.0622051523012885,0
1988-04-01,0.14333333333333323,0.1566666666666663,-0.09999999999999994,0.18333333333333357,0.25333333333333324,-0.011961416264129868,0.0023725948455629955,0.0022210111078739083,0.0006708388866295915,0.0005559540978357091,5.2218950702098255,0
1988-07-01,-0.033333333333333215,-0.01333333333333305,0.0,0.020000000000000167,0.26000000000000006,0.003142559751852995,0.0030212629185288145,0.0006729857838741656,-0.0034826208098917752,-1.7804207138520194e-05,2.3370380819102365,0
1988-10-01,-0.08333333333333333,-0.08333333333333333,-0.03333333333333351,0.043333333333333,0.27666666666666667,0.015496516552590359,0.003627648507276149,0.00374553371880341,0.0019932259066373823,-0.00029112437906123983,5.294627749614023,0
1989-01-01,0.006666666666666525,0.07666666666666681,-0.09999999999999994,0.08333333333333333,0.25,-0.0315142400194303,0.0056891389018337195,0.00033598690670958814,0.0003501625848733407,0.0005341906941920271,4.045057570484545,0
1989-04-01,-0.2133333333333335,-0.2333333333333337,0.09999999999999994,-0.36000000000000004,-0.2233333333333333,-0.00591241703540805,-0.0018259175500989027,-0.0019756874666319035,-0.0012840792007902853,-0.000564554797769882,3.0408111201388976,0
1989-07-01,-0.03999999999999974,-0.029999999999999954,0.0,-0.029999999999999954,-0.13333333333333344,-0.0294161858927063,0.002748686653588924,-0.001027435369883219,-0.0010097834571046367,-0.0002738909271844392,2.952022606835669,0
1989-10-01,-0.029999999999999954,-0.05000000000000012,0.03333333333333351,-0.11666666666666654,-0.040000000000000036,-0.007378430370643822,0.002211699041452538,0.0024979408676353287,0.002626127187292937,0.0002551160918595012,0.7871492083843634,0
1990-01-01,0.1300000000000002,0.16999999999999993,-0.06666666666666672,0.25,0.09000000000000015,0.009974497490758516,0.002211708756618099,0.0029797370659944513,-0.0007870549767720428,0.0005014865259192666,4.3478129848367075,0
1990-04-01,0.0033333333333332624,-0.03666666666666648,0.0,-0.03666666666666648,-0.05666666666666664,-0.030299298559636867,0.0023122773905862224,0.0012664960469323343,0.0030182503441693598,0.0005003593133518317,1.4492515347356516,0
1990-07-01,0.13999999999999999,0.10000000000000024,0.2333333333333334,0.13666666666666671,-0.12333333333333336,-0.019536270984632214,-0.0010724087424585822,0.0006047093184964325,-0.002939362306179897,0.0002126669037008829,0.26623809424677347,0
1990-10-01,-0.07000000000000028,-0.16999999999999993,0.13333333333333316,-0.2700000000000002,-0.2066666666666667,-0.04528356080520446,-0.0009357410084535426,-0.008674464498872325,-0.0007173217135685306,-0.0010276287017919235,-3.658296259228422,0
1991-01-01,-0.11333333333333329,-0.040000000000000334,0.16666666666666666,0.009999999999999787,-0.27666666666666667,-0.016934858545153197,-0.00139314511554763,-0.005482722135961164,0.005231208386929254,-0.0012442468098946928,-1.8761556594029116,0
1991-04-01,-0.043333333333333,0.02666666666666669,0.03333333333333351,0.05666666666666664,-0.11333333333333329,0.03922079552137377,0.003072457733157563,0.006691902481455199,-0.0011149899039117155,0.0009818367432525104,3.1066607576249794,0
1991-07-01,-0.15000000000000036,-0.13333333333333344,0.0,-0.20999999999999966,-0.11666666666666685,-0.006826177114513499,0.0008588956832742412,0.003562337046359332,0.0007251264645059171,-7.177179440690888e-06,2.016344141362225,0
1991-10-01,-0.08333333333333333,-0.09999999999999964,0.13333333333333316,-0.18666666666666684,-0.38333333333333314,0.0203820245940823,0.003691577244887038,-0.0023348672844534235,-0.0001614553670403751,-8.475312474646538e-06,1.3917553392431614,0
1992-01-01,-0.0033333333333332624,0.01333333333333305,0.03333333333333351,0.15000000000000005,-0.010000000000000083,0.061339739686103144,0.003632538879055384,0.003424382522011271,-0.003073910205348085,0.00023415313986093386,4.760567368570179,0
1992-04-01,-0.06666666666666643,-0.043333333333333,0.13333333333333316,-0.09333333333333342,-0.12666666666666662,-0.04154975610936784,0.004281477754262871,0.00378629344252109,0.001507002619159555,-0.00024727503118289934,4.31386743708444,0
1992-07-01,-0.14333333333333384,-0.10000000000000024,-0.06666666666666672,-0.27999999999999997,-0.25,0.011727221189776907,-0.0003250981308671186,0.0022834995560672886,-0.0018108094284281506,-0.0002435906484065479,3.9330411994981773,0
1992-10-01,0.06333333333333376,0.020000000000000167,-0.06666666666666643,0.11666666666666654,0.10333333333333335,0.011328621717746698,0.011007768018990541,0.004067143949831061,0.0013072328879735196,-0.0002406483806914513,4.149821489325944,0
1993-01-01,-0.22000000000000006,-0.13333333333333344,-0.13333333333333344,-0.26333333333333303,-0.09000000000000001,-0.04161239923664025,-0.008626508066905458,0.0025876742114003073,0.002031356961746056,-3.2739070100854897e-06,0.6672181048244852,0
1993-04-01,-0.02666666666666669,-0.08333333333333333,0.0,-0.006666666666666821,0.03999999999999989,0.05570836997089076,0.002013460456845214,0.00040015733709649243,-0.0015992138065300903,-0.00023446911424832942,2.32193150936979,0
1993-07-01,-0.24333333333333348,-0.2233333333333333,-0.09999999999999994,-0.19999999999999987,-0.03999999999999989,0.01601527986985829,0.0010428456612334713,0.002259378820072655,-0.002657209961357173,0.00022900717999381945,1.9040801899045334,0
1993-10-01,0.11666666666666685,0.08999999999999986,-0.06666666666666672,0.1366666666666664,0.036666666666666625,0.04410689411619225,0.010849101090249391,0.005922642940860534,0.0015766116177893252,0.0002241412829280994,5.4039292080304335,0
1994-01-01,0.1466666666666668,0.18333333333333357,0.0,0.23666666666666694,0.14666666666666664,0.006673347411147408,-0.005459600613566688,0.004535433967945461,0.0029597879854543763,0.00022341871357145493,3.862740813035259,0
1994-04-01,0.1733333333333332,0.1633333333333331,-0.13333333333333344,0.20666666666666642,0.21333333333333324,-0.03478880306885893,0.0033073255637242247,0.005738361229445488,-0.004230863843570927,-4.916173859115247e-06,5.384328630134405,0
1994-07-01,0.11000000000000003,0.12333333333333336,-0.06666666666666643,0.1200000000000001,0.16000000000000014,0.015033186950200653,0.0025149015734650484,0.0037173041513257252,-0.002259869426477342,-0.00023226511239797057,2.3315299597626904,0
1994-10-01,0.03999999999999974,0.040000000000000334,-0.13333333333333344,0.11666666666666654,0.3266666666666665,-0.004324631047896155,0.004454892404143725,0.008330660038925389,0.0008786102535050707,-3.57701446300022e-06,4.556232746715239,0
1995-01-01,-0.13333333333333344,-0.11333333333333388,-0.033333333333333215,-0.20333333333333314,0.04333333333333359,-0.05088755649333857,0.003117511598449122,0.0007440500170711554,-0.00357213485979783,-4.856528222241252e-06,1.4166105843251842,0
1995-04-01,-0.26666666666666633,-0.27333333333333315,0.06666666666666643,-0.34333333333333343,-0.08666666666666689,0.008432597257052107,0.001872043720550091,0.0021600108757020564,0.00254257125830204,-5.217994776707258e-06,1.1915149860357133,0
1995-07-01,0.009999999999999787,0.006666666666666821,0.0,0.010000000000000083,-0.06333333333333317,0.022146507797238257,0.00288082872806091,0.004334868813274717,0.0019488195257943985,-0.00022108475289250862,3.3885089042826166,0
1995-10-01,-0.1466666666666665,-0.16666666666666666,0.0,-0.1633333333333334,-0.046666666666666856,0.014764318089333983,0.0021689394404867577,0.0014459076356034828,-0.0016553596394442611,-2.266476112862866e-06,2.7071466987720783,0
1996-01-01,0.17999999999999972,0.17666666666666644,-0.033333333333333215,0.18666666666666654,-0.05999999999999991,-0.0016345625281764715,0.0050509017363022934,0.002521346168685786,-0.0006130111413987412,0.0006400747999194915,2.985034692400035,0
1996-04-01,0.12333333333333367,0.1200000000000001,-0.06666666666666672,0.2133333333333335,0.0433333333333333,0.009916562057020073,0.00452005655257004,0.008313393374876318,0.0008957702990836461,-0.0004347644830925053,6.616746723562983,0
1996-07-01,-0.016666666666666902,-0.016666666666666607,-0.033333333333333215,-0.02666666666666669,0.0,0.0018128302103127918,0.001322195121491158,0.00383287114616652,7.52707743953233e-05,0.0004197642410407691,3.5721371730851104,0
1996-10-01,-0.15333333333333332,-0.15333333333333332,0.06666666666666672,-0.17666666666666675,-0.05999999999999991,-0.024615749983916285,0.002391863538619532,0.005275842438180985,-0.000958764122657089,-0.00021943538750305672,4.132062019747451,0
1997-01-01,0.09666666666666668,0.11666666666666654,-0.06666666666666672,0.1300000000000002,0.07666666666666651,0.020522929124344575,0.0045207821175612395,0.006592589111191612,0.005757312775088508,-0.0006304432333899731,2.5734765352304123,0
1997-04-01,-0.05333333333333338,-0.04666666666666656,-0.06666666666666672,-0.06666666666666672,-0.06999999999999999,0.008359186499186025,0.002970015300440091,0.003760437346899792,-0.0027150040672800912,0.0004161455610477797,6.606020401069657,0
1997-07-01,-0.10666666666666647,-0.0866666666666666,-0.033333333333333215,-0.09333333333333342,0.006666666666666821,0.011404621151534696,0.004478935255953331,0.00919282140328992,0.0029652658456083003,0.00020335284443688076,4.963354527751562,0
1997-10-01,-0.12666666666666662,-0.1300000000000002,-0.06666666666666672,-0.13333333333333344,0.06999999999999999,0.004284549134460451,0.0061579397390172375,0.006973860819980378,-0.002403650899596599,-0.0006220784287768547,3.4009420197484985,0
1998-01-01,0.0,-0.013333333333333345,0.0,-0.05333333333333309,-0.0433333333333333,0.000212788601757552,0.007366985738936312,0.002114288302113465,0.003209969264260574,-0.0002060793471102921,3.9949959545403146,0
1998-04-01,-0.06333333333333346,-0.06333333333333317,-0.06666666666666672,-0.05000000000000012,-0.016666666666666607,0.01538094957802342,0.0047447217102813966,0.001326146809293327,-0.007477476844099347,0.0004097521515766071,3.685718592768694,0
1998-07-01,-0.013333333333333345,-0.0433333333333333,0.033333333333333215,-0.23000000000000012,-0.12333333333333336,-0.01220531425416412,0.0030000481898332745,0.0053688621499343725,0.003630893925931448,-0.0002058161811081168,5.004326030774564,0
1998-10-01,0.046666666666666856,-0.0600000000000002,-0.06666666666666643,-0.05333333333333309,-0.07333333333333354,0.041547481735758986,0.0029642670958599147,0.003524907174589901,-0.0010161151265117851,0.0004048922048764207,6.385544996209802,0
1999-01-01,0.09999999999999994,0.13333333333333344,-0.06666666666666672,0.19333333333333336,0.016666666666666902,-0.01561298134605682,0.0030533018945675394,0.004213459148257215,0.0019113573306898484,-0.00040650141141925406,3.740194050978829,0
1999-04-01,0.1633333333333331,0.20333333333333345,0.033333333333333215,0.2233333333333333,0.0433333333333333,-0.03081626014630956,0.000998643863649562,0.0026046518126277007,0.0005058453102411894,-0.00020232676392565688,3.325112739828029,0
1999-07-01,0.05999999999999991,0.05333333333333309,-0.033333333333333215,0.006666666666666525,0.03666666666666648,0.015866071424525785,0.002160597569909347,0.0019104948120611809,-0.0016050837208675024,0.0013934528105859674,5.268681314312573,0
1999-10-01,-0.0033333333333332624,0.05333333333333338,-0.06666666666666672,0.1200000000000001,0.17333333333333348,0.014560097005720548,0.006958870794793033,0.008222697945123572,0.0024089927190553695,-0.00060262602604233,6.509414268426639,0
2000-01-01,0.05999999999999991,0.0433333333333333,0.0,-0.006666666666666821,0.1633333333333334,-0.020940861974018492,0.005277225250715982,0.0017662842851186393,-0.00014807314445638062,0.0011642130329224305,1.448547603220618,0
2000-04-01,0.03666666666666707,-0.0033333333333332624,0.0,-0.05333333333333338,0.0,-0.009485306456227841,0.003931434433033824,0.0030096900636120694,-0.0021530034966819045,-1.3663722136551352e-05,7.219604137991809,0
2000-07-01,-0.04333333333333359,-0.016666666666666607,-0.03333333333333336,-0.09999999999999994,0.10333333333333321,-0.011307890143760288,0.003896656391335777,-2.5094273820987684e-05,-8.515671234003246e-05,-0.00020877040412366674,0.40752268148693815,0
2000-10-01,-0.11000000000000003,-0.13666666666666671,0.0,-0.18666666666666654,-0.07666666666666681,0.005484383891346904,0.0018410719108032936,-0.002294050321056377,0.002386267621658019,-0.0009680793621728393,2.381054313956099,0
2001-01-01,-0.05999999999999991,-0.07666666666666651,0.1333333333333333,-0.11666666666666685,-0.4499999999999999,0.012386648304580325,0.0040198928230695445,-0.004452682080178683,-0.00478468442291291,-0.0005751861743634734,-1.3133489796572917,0
2001-04-01,0.0433333333333333,0.06666666666666643,0.06666666666666672,0.1300000000000002,-0.3099999999999999,0.009506740649471546,-0.0017655614379024815,-0.004559323125102506,0.0034518248294898393,0.0005618338721449234,2.4902439659086895,0
2001-07-01,0.01999999999999987,-0.0033333333333332624,0.16666666666666666,-0.18333333333333326,-0.2833333333333334,-0.015429062254353513,-0.0002609266077016059,-0.004217039613769143,0.0018052303740961524,0.0005615327798980848,-1.605775616727101,0
2001-10-01,0.006666666666667116,-0.13333333333333344,0.2333333333333334,0.11999999999999982,-0.3166666666666667,0.0012779568369071608,-3.193515606743821e-05,-0.003079396449020481,0.0027697077289999448,-0.0015005531533764938,1.0975945209430904,0
2002-01-01,0.019999999999999574,0.013333333333333345,0.0,0.06333333333333346,0.03333333333333336,0.015371363034006732,0.0004523388872730294,0.004653540739567734,-0.002667280663847471,0.0011228633225333813,3.331522227558281,0
2002-04-01,-0.05333333333333309,-0.05999999999999991,0.033333333333333215,-0.11666666666666685,-0.030000000000000027,0.014887856961700882,0.002150136504354805,0.005698549956495806,-0.00150277941083606,-0.00074936766261402,2.443348677388002,0
2002-07-01,-0.18333333333333326,-0.15999999999999984,-0.033333333333333215,-0.3533333333333332,-0.023333333333333355,0.016475946575030893,-0.0008143828447586543,-0.00019482515548811344,0.0013922317933593813,0.00036790741512475006,1.6227496189515023,0
2002-10-01,0.016666666666666607,0.01999999999999987,0.09999999999999994,0.05333333333333338,-0.14666666666666664,-0.0029695816297031405,0.0020294348956830057,-0.0006916292368452185,0.0031780615205647678,-3.0473822224171463e-06,0.494114897589526,0
2003-01-01,-0.16666666666666666,-0.10666666666666676,-0.033333333333333215,-0.0733333333333334,-0.020000000000000018,-0.011763694696695323,-0.0016193994335343593,0.0023469517680660226,-0.004344566958269347,-6.29153819590537e-06,2.1010403063399963,0
2003-04-01,-0.25333333333333324,-0.30666666666666664,0.13333333333333316,-0.16,-0.06999999999999995,0.026175423966116423,0.004898386340800087,-0.0016567933427813486,0.0028911686621082566,-0.000179919046747005,3.52689218114719,0
2003-07-01,0.19999999999999987,0.25,-0.06666666666666672,0.3133333333333332,0.006666666666666636,0.012613170566976528,0.0013124137458326857,0.003122576477587735,-0.006845917556151271,0.0007179532717419926,6.598081034377401,0
2003-10-01,-0.06333333333333346,-0.033333333333333215,-0.13333333333333316,0.0,-0.013333333333333308,0.019692078136768505,0.003316794754757879,0.0027364649456747734,0.004869534531940427,-0.00018256637656843822,4.616146818960942,0
2004-01-01,-0.1633333333333331,-0.09666666666666668,0.033333333333333215,-0.1466666666666665,0.013333333333333308,-0.00970064348148636,0.0009939861992798171,0.0011753921598088486,0.003912092450465347,-0.00018629141226581916,2.260208095560756,0
2004-04-01,0.2233333333333333,0.22666666666666657,-0.06666666666666672,0.3000000000000001,0.11000000000000003,-0.02964140239813447,0.0031595815719078026,0.0010241370254518618,-0.006461593879241019,0.0005241215412722747,3.087859967576634,0
2004-07-01,-0.17000000000000023,-0.18333333333333326,-0.06666666666666643,-0.20000000000000018,0.12666666666666662,0.013753178515568898,0.002912053460920679,0.0031283435870630427,0.002045178122626131,-0.0001821059327114701,3.7764919540684616,0
2004-10-01,-0.03999999999999974,0.0033333333333332624,0.0,0.03333333333333351,0.18000000000000002,0.023149237054602995,0.010371434811274819,0.0063039697297210635,0.0011832363095232168,-0.0010554098526833755,4.060156528453263,0
2005-01-01,-0.03000000000000025,-0.023333333333333133,-0.06666666666666672,0.08999999999999986,0.18333333333333343,-0.030401667826358114,-0.00788101995415976,0.0031569151330079017,-0.0031640795022435477,0.0012105504009542283,4.413020211694629,0
2005-04-01,-0.06666666666666643,-0.1466666666666668,-0.06666666666666672,-0.16666666666666666,0.07666666666666666,0.034619080127594515,0.0034709930863308833,0.002512481709379344,-0.005058663794731484,-0.001038418544129745,1.965660123449453,0
2005-07-01,0.05666666666666664,0.05666666666666664,0.0,0.06666666666666672,0.1499999999999999,0.013116964546470081,1.758781553877024e-05,-0.006493835570400286,0.003263091877115265,0.004386055149899981,3.1230326804525532,0
2005-10-01,0.09666666666666668,0.08000000000000007,-0.033333333333333215,0.08999999999999986,0.15666666666666673,-0.025263392915315503,0.005281610754733397,0.00946451319764563,0.0042308434048085415,-0.004558187006724464,2.215916948830454,0
2006-01-01,0.029999999999999954,0.05333333333333338,-0.06666666666666672,0.08333333333333333,0.20666666666666655,-0.004205623960886011,0.007190862668647213,0.0014167383469999943,-0.004415851656280445,0.0005011276313438747,5.345655379085201,0
2006-04-01,0.12333333333333336,0.11999999999999982,-0.03333333333333351,0.1300000000000002,0.09333333333333342,-0.029542880156947504,0.0003304440667027582,0.002149200738702284,-0.000486084406584079,0.0003257974599103856,1.0336742995598058,0
2006-07-01,-0.11666666666666685,-0.12666666666666662,-0.033333333333333215,-0.1300000000000002,0.006666666666666525,-0.015524289453594816,0.0013700742657949405,0.000734476671954217,-0.0007264749573190343,-0.002466541448452967,0.5993744160321057,0
2006-10-01,-0.06999999999999999,-0.06333333333333317,-0.033333333333333215,-0.05333333333333338,0.013333333333333345,-0.014051749082633217,0.005401505480638373,0.002857946170742013,0.0046033421273380766,0.003449873418910047,3.423110226166415,0
2007-01-01,0.016666666666666607,-0.006666666666666821,0.0,0.0,0.03000000000000025,-0.03268094557827084,0.0032971967394382538,0.002589406254220291,-0.001807699236999009,-8.137456397812788e-05,1.2015362468524415,0
2007-04-01,0.14333333333333353,0.1633333333333334,0.06666666666666643,0.18000000000000002,-0.11000000000000003,-0.010647637626375031,0.0005712200388684844,0.0027443630534236263,0.0007939977521328837,-0.000957525104580211,2.439593165872367,0
2007-07-01,-0.03666666666666677,-0.016666666666666607,0.03333333333333351,-0.19333333333333336,-0.24000000000000007,-0.06737656965575815,0.0006612271416829666,0.0009813031530914174,0.0016522019034326263,0.0006381760219931939,2.2974924437228594,0
2007-10-01,0.020000000000000167,-0.08333333333333333,0.09999999999999994,-0.13999999999999999,-0.2966666666666667,-0.043907218582953135,0.0007892895782746953,0.000948470429504115,-0.003970768075241142,-0.0004449256141632792,2.5050862048779265,0
2008-01-01,0.07999999999999978,0.006666666666666525,0.033333333333333215,-0.19666666666666663,-0.58,-0.01044812924545043,0.0011332767998618227,-0.0027681777000617322,-8.192765496565595e-05,0.00022593949659880744,-1.7107102360128579,0
2008-04-01,0.0600000000000002,0.05666666666666664,0.16666666666666666,0.19666666666666663,0.20000000000000004,0.01332860804389746,0.004792488010814703,-0.004961549432218604,0.00177136441632945,0.0022840256348069707,2.3746503725263324,0
2008-07-01,0.07999999999999978,-0.009999999999999787,0.16666666666666666,-0.13666666666666658,-0.2433333333333334,-0.08114143478885676,-0.007291498702405974,-0.021484073480076898,0.0033814623506366694,-0.0031896641658309597,-2.1065695211134994,0
2008-10-01,0.37333333333333335,-0.20000000000000018,0.4000000000000001,-0.42333333333333334,-0.36666666666666664,-0.12712251884303458,0.002455414925721655,-0.010666843102084952,-0.01251148713323739,-0.003040777117918244,-8.853365095794175,0
2009-01-01,-0.0033333333333332624,0.15000000000000005,0.4666666666666665,0.1333333333333333,0.06,-0.03445945148461149,-0.007793487938330419,-0.015714350198527367,0.01059090801049963,0.0024266115042695566,-4.565452543960902,0
2009-04-01,-0.30666666666666664,0.03666666666666677,0.2666666666666669,0.3000000000000001,-0.01,0.049017805985498875,-0.0006408606389651794,-0.007417320678948809,0.00447214082216707,0.003084376798904683,-0.715242887051204,0
2009-07-01,-0.3966666666666668,-0.16000000000000014,0.10000000000000024,-0.10666666666666676,-0.02,0.0,-0.0010395344087950065,0.010303331644778998,-0.006828886951708431,-0.002112111462868308,1.402308618855841,0
2009-10-01,0.020000000000000167,0.0433333333333333,0.033333333333333215,0.06333333333333331,-0.02333333333333333,-0.0022870301266486592,0.0012083881757097477,0.003690138961238709,0.0030932617153591004,-0.0004696614373462064,4.300454151697863,0
2010-01-01,-0.03333333333333351,0.0033333333333332624,0.0,0.04666666666666671,0.03333333333333333,0.03014926882940383,0.0026879203887630134,0.007139981232490082,-0.005165794905054237,-6.29093029669292e-05,1.933324088271604,0
2010-04-01,-0.01333333333333305,-0.1299999999999999,-0.16666666666666666,-0.1766666666666666,-0.01,-0.0570214674231068,0.005741850571418183,0.006217530030734923,0.0002011178955075484,-0.00025006537454164146,3.8517399290434184,0
2010-07-01,-0.19000000000000009,-0.11666666666666654,0.033333333333333215,-0.18333333333333343,0.01,0.03424838609728109,0.0021704083750897496,0.0034637355352555113,0.0048536328906069555,0.0006776097294617737,3.072509082001318,0
2010-10-01,0.1466666666666665,0.1633333333333331,-0.06666666666666643,0.21333333333333337,-0.003333333333333327,-0.03238791615121587,0.0027346881591198504,0.002589774147431297,-0.007585521434049447,0.0007981950427306354,2.094945457780284,0
2011-01-01,-0.023333333333333133,0.03666666666666677,-0.10000000000000024,0.040000000000000036,-0.013333333333333336,0.03573802810238291,0.004543145702571749,0.0014206289339782074,0.005760612433914088,0.0003838933156024756,-0.9499466944198787,0
2011-04-01,-0.09333333333333342,-0.04666666666666656,0.033333333333333215,-0.13666666666666671,-0.02,0.004415075583340311,0.0006070940499280179,0.0003300561719248307,-0.0026468622902656356,-0.0017200704618855294,2.697214987466623,0
2011-07-01,-0.16000000000000014,-0.3000000000000001,-0.033333333333333215,-0.34,-0.01,0.02226582697450515,0.000822220089506942,0.003605359029638914,0.002678626237355708,0.0007230644852945408,-0.0892609023139812,0
2011-10-01,-0.006666666666666525,-0.05333333333333323,-0.16666666666666666,0.0,0.0,0.021833199205707327,0.0027640882601082475,0.0040407024156238576,-0.0007401577754292769,-0.0006438377379716087,4.467158724585829,0
2012-01-01,-0.006666666666666525,0.020000000000000018,-0.10000000000000024,0.06333333333333331,0.023333333333333334,0.00047996168599577044,0.003565057187016644,0.0013219618587818616,0.0008876568798970771,0.0006178672964765042,3.340376727516059,0
2012-04-01,-0.07000000000000028,-0.1166666666666667,0.0,-0.18333333333333326,0.003333333333333332,0.02848380262421883,0.0010381933641057846,0.0031765328936206316,-0.0013998238567862014,-0.0009726623096574608,1.7813665065290252,0
2012-07-01,-0.05999999999999991,-0.04999999999999997,-0.13333333333333316,0.03333333333333329,0.006666666666666668,0.037445813738202105,-0.0004030634536699533,-0.000975148774928177,0.0016635844642080382,0.0018622082203441082,0.5756975059448166,0
2012-10-01,-0.06999999999999999,0.05333333333333323,0.03333333333333351,0.0,-0.01333333333333333,0.047253963920345754,0.01490896255744012,0.0031652162726401776,0.0018244219077031925,-0.0016270029330348972,0.46229496630019185,0
2013-01-01,0.07333333333333325,0.09333333333333342,-0.13333333333333344,0.08,0.006666666666666664,0.011414341140737546,-0.016557907760935464,0.00297720181800513,-0.004153148288984276,-0.0008982636794353146,3.926903706206275,0
2013-04-01,0.11333333333333358,0.11333333333333313,0.0,0.11333333333333329,-0.01333333333333333,-0.06183163445603294,0.002962325806744085,0.0006633708467311076,-0.0013339745464694037,0.0017311531653024421,1.0691153060548686,0
2013-07-01,0.09333333333333312,0.12333333333333336,-0.09999999999999994,0.17000000000000007,-0.01,0.004341881005718899,0.0012531422098855198,0.0025768015881544315,0.00031697920420488873,-0.000666901951941116,3.3911586209988798,0
2013-10-01,-0.029999999999999954,-0.006666666666666525,-0.16666666666666666,0.029999999999999954,0.016666666666666666,0.05483897738681579,0.0004700173386679533,0.0011843167887004569,0.0028106235344269592,0.0007546019424114666,3.47185609530527,0
2014-01-01,-0.10666666666666676,-0.08000000000000007,0.0,-0.05999999999999991,-0.006666666666666668,-0.010819070049127077,0.005290875684399528,0.004534392789184179,0.0013856433312173049,-0.00020023545103894,-1.3827712598640574,0
2014-04-01,-0.0866666666666666,-0.0433333333333333,-0.20000000000000018,-0.040000000000000036,-0.003333333333333334,-0.020917724745823502,0.003160051116926965,0.0027392790856056357,-0.0007763271906666702,-0.00023990428715089016,5.1342760916597285,0
2014-07-01,0.0,-0.04666666666666656,-0.06666666666666643,-0.023333333333333428,-0.006666666666666667,0.03865062289722262,0.0037400759259410186,0.0010660891472247986,0.0005506533731243953,-0.0004162239455031506,4.832259330312638,0
2014-10-01,-0.01999999999999987,-0.10666666666666676,-0.10000000000000024,-0.10666666666666662,0.0033333333333333327,0.01590632555969081,0.005864524392100279,0.0020644732208291807,0.002132252267982082,-0.0010536550334704724,2.0178344061733355,0
2015-01-01,-0.06666666666666672,-0.04999999999999997,-0.06666666666666643,-0.05666666666666664,0.0,-0.03709348605627216,0.003518523115551749,-0.005879001407389062,-0.0032922256102884497,0.0019265687515686025,3.5858191507699644,0
2015-04-01,0.19666666666666663,0.18333333333333343,-0.03333333333333351,0.10666666666666662,-0.0033333333333333327,0.0757671871542911,0.0018287995877823704,-0.0043478648233200206,-0.0010213562263263753,2.458919171122176e-05,2.469978633014591,0
2015-07-01,0.06999999999999999,-0.040000000000000036,-0.09999999999999994,-0.06333333333333331,0.0,0.005214872382505398,0.002096417032409074,0.0006083013775886789,-0.001519413030406369,-0.0016714047689957805,1.5977848462760846,0
2015-10-01,0.040000000000000036,-0.03333333333333336,0.0,0.023333333333333428,0.07,-0.02194885526586206,0.002162088475249272,-0.005715958763966651,0.0038467826388467095,0.0003913282952519026,0.7372366908420247,0
2016-01-01,-0.11000000000000003,-0.05000000000000012,0.0,-0.11666666666666677,0.01999999999999999,-0.010339035878351647,0.0006005498170088922,-0.0024730969874674122,-0.0014190342722238587,0.0014020084194813858,2.311386607388499,0
2016-04-01,-0.19999999999999987,-0.10666666666666662,-0.033333333333333215,-0.08333333333333333,-0.006666666666666654,0.026519308778349366,-0.00032126894018288016,0.0019395614434731812,0.0005524041339401246,-0.00011926052496432267,1.2824382650691746,0
2016-07-01,-0.07333333333333354,-0.029999999999999954,0.033333333333333215,-0.003333333333333336,0.006666666666666654,-0.03967689881817934,0.0025702186449609123,-0.00046416946984765656,0.001341929665851893,-5.0778749755231445e-05,2.827543676441735,0
2016-10-01,0.17333333333333348,0.21666666666666648,-0.09999999999999994,0.2866666666666668,0.07333333333333335,0.05298484404663443,0.0024330283934972385,0.0009293766206142825,-0.003945514526496534,-3.281142636228177e-05,2.2110741144842905,0
2017-01-01,-0.05000000000000012,-0.016666666666666607,-0.09999999999999994,-0.0033333333333334103,0.07666666666666666,-0.016929655184823034,0.0031991739793936582,-2.5921330794117143e-05,0.0020481852604567288,-0.0009962172348521037,1.9428349324144278,0
2017-04-01,-0.10333333333333321,-0.10999999999999988,-0.03333333333333351,-0.09666666666666668,0.08,0.016129974673334324,0.0030416648000966737,0.004458983857314358,-0.0023299984796357385,0.00037290908097660963,2.233244405191215,0
2017-07-01,-0.023333333333333428,-0.016666666666666757,0.0,0.0033333333333334103,0.01666666666666668,-0.018660564642738464,0.002630352946005369,-0.0018376952999948533,0.0018198658777765313,0.0014806600273506258,3.141726102739284,0
2017-10-01,-0.02666666666666669,-0.040000000000000036,-0.06666666666666672,0.06666666666666658,0.09666666666666668,-0.001130902979028588,0.0028583259861972485,0.005528635990511195,0.002471418199009534,-0.000996241219977989,4.48297110775755,0
2018-01-01,0.13999999999999999,0.1200000000000001,-0.033333333333333215,0.14666666666666664,0.12666666666666662,0.03771553593405871,0.0017626468740162455,0.0024297451028084303,-0.0048149676521500595,-0.0006374429848892879,3.2404778196678308,0
2018-04-01,0.06333333333333346,0.029999999999999954,0.0,0.023333333333333428,0.06666666666666665,-0.03349428914571906,0.002571031705664121,0.003217413221326145,0.004410739031502094,0.00023613182434741495,2.11768492150739,0
2018-07-01,0.016666666666666607,0.006666666666666672,-0.09999999999999994,0.029999999999999954,0.07666666666666666,0.015836994223683714,0.002616595148935493,0.0029021150193351275,-0.00302617925407489,0.00038647291125896527,2.487041930090328,0
2018-10-01,0.08333333333333333,0.013333333333333197,0.06666666666666658,-0.05666666666666664,0.08000000000000007,-0.04412972934858169,0.005034622375182114,-2.1774562835474853e-05,0.005571034632342394,-0.0004584996687642118,0.5661759932735322,0
2019-01-01,-0.09666666666666668,-0.08333333333333319,-0.03333333333333336,-0.08666666666666674,0.009999999999999934,0.028012975701566134,0.0027485977025687447,-0.003923010345294446,-0.0035978519679578844,0.0010300002681319735,2.4895091629069555,0
2019-04-01,-0.12666666666666662,-0.1166666666666667,-0.06666666666666658,-0.16666666666666666,-0.07666666666666666,0.014244840718470542,0.00044268961212049857,-0.0014228689480922558,0.0007100230677146158,-0.0013666085290943524,3.326711173158259,0
2019-07-01,-0.18333333333333326,-0.13000000000000003,-0.03333333333333336,-0.1233333333333333,-0.09333333333333334,0.01775413075099615,0.001970179256679453,-0.00047477358594842184,0.003786720938730189,0.0006209429867499358,4.6528410323638525,0
2019-10-01,-0.010000000000000083,-0.006666666666666672,0.03333333333333336,0.05333333333333338,-0.11666666666666663,0.0553911901286576,0.0002593820586535382,-0.0019327609478440404,-0.006312740837225069,0.0004567743127514845,2.7182543872214637,0
2020-01-01,0.13666666666666671,0.0033333333333334103,0.2666666666666668,-0.33,-0.4166666666666667,-0.0670338171485172,6.942238015502274e-05,-0.014374654441687026,0.01024461143366473,-0.0024822393835182885,-5.300247883186415,1
2020-04-01,-0.21666666666666665,-0.19333333333333336,2.1999999999999997,-0.04666666666666667,-0.04333333333333333,0.0,0.023502057553761446,-0.020515690965056937,0.0012568993472316474,0.0031248399559690534,-32.81728241610793,1
2020-07-01,-0.09333333333333342,-0.0433333333333333,-1.0666666666666667,-0.016666666666666646,-0.016666666666666666,0.050479604586169735,-0.005716199692633002,0.015548041221472353,-0.005417133772080973,-0.0007376968959430149,29.902998544979198,1
2020-10-01,-0.06666666666666658,-0.016666666666666757,-0.36666666666666653,0.08333333333333333,-0.006666666666666668,0.030471477455754698,-0.0023120741018214375,0.008220458913116365,-0.0019384019892475142,0.0005713981596973857,4.508555862817332,1
2021-01-01,0.19333333333333336,0.26000000000000006,-0.20000000000000018,0.22666666666666668,-0.02,0.016518989173984682,0.06821389630013937,7.657826654365134e-05,0.003634524734069444,0.0002975401047041378,5.544658613895592,1
2021-04-01,-0.10000000000000009,-0.08333333333333333,-0.06666666666666643,-0.030000000000000027,0.003333333333333334,-0.009165749819074106,-0.056998162017582864,0.004753568431545989,-0.0038507121757938023,0.0010655585093480486,6.750285416705282,1
2021-07-01,-0.06999999999999999,-0.08666666666666674,-0.4000000000000001,-0.04999999999999997,0.0,-0.015083659977195888,-0.001418679622991803,-0.003157230562636689,0.0010801845036697937,-0.0013036264928159014,3.2866716567674814,1
2021-10-01,0.02333333333333328,0.040000000000000036,-0.2666666666666668,0.03333333333333329,0.006666666666666665,0.029320699341545797,-0.0011059938587454354,0.005732129756534476,-0.0015712160365755068,0.0007887301777635969,6.804809235885756,1
2022-01-01,0.33000000000000007,0.26000000000000006,-0.06666666666666658,0.21999999999999997,0.12666666666666668,-0.0019413760953295167,-0.0030019053808990983,0.0027005054041389087,-0.0023682705873486753,0.0014043807862916442,-1.0204951651815009,0
2022-04-01,0.3266666666666665,0.27,-0.03333333333333336,0.3366666666666667,0.35000000000000003,-0.03292079784171609,-0.002240975511369925,-0.0012275507301507578,-0.0031413037034896027,0.0004627146145654848,0.6256983803410776,0
2022-07-01,0.14000000000000026,0.11666666666666654,-0.03333333333333336,0.12666666666666662,0.5466666666666666,-0.013822315927834042,0.005041695177568546,0.0009022471713026429,-0.002310847677972442,-0.0027496956159615373,2.877225330117028,0
2022-10-01,-0.03333333333333351,-0.05333333333333338,0.0,0.03333333333333336,0.37333333333333335,-0.04297789445863091,0.0017504692948483818,-0.005058002338169961,0.003516523268176641,-0.0013599178315587916,2.7514765401292607,0
2023-01-01,0.040000000000000036,0.05666666666666664,0.0,0.013333333333333345,0.1466666666666668,0.01713598890383672,0.0032452087942912065,0.004164004419691854,-0.007356353090119209,0.0003586723297595758,2.884974679699326,0
2023-04-01,0.013333333333333345,0.016666666666666902,0.03333333333333336,0.029999999999999954,0.1566666666666666,0.010484543122815401,0.0018030599125591351,-0.0029859983975886926,0.005753991390121745,0.00033642761742965394,2.503636219206129,0
2023-07-01,0.13666666666666671,0.15999999999999984,0.03333333333333336,0.20999999999999996,0.05333333333333338,-0.011940149511595463,0.0012770178556470075,0.0029879781878892806,0.00045460982226153135,0.0005513607548985888,4.5880109584366835,0
2023-10-01,-0.17333333333333348,-0.1299999999999999,0.033333333333333215,-0.1200000000000001,-0.02666666666666669,0.03460920423232613,0.003685639761312013,-0.0013821112044333599,0.006310286719491742,-0.0006569253071218029,3.3620596105876643,0
2024-01-01,0.03666666666666677,0.08999999999999986,0.03333333333333336,0.06333333333333346,0.0,-0.04927177425175285,0.002426959916155861,-0.00048277327151217503,0.0017990843358675808,0.0008329994083702275,0.8385657658578793,0
2024-04-01,0.023333333333333428,0.040000000000000036,0.06666666666666658,0.033333333333333215,0.0,0.0037893549427243656,0.0027706113170757143,0.0014452360963801425,-0.002738586738449437,-0.0016133109644214845,3.5263554170946065,0
2024-07-01,-0.13333333333333344,-0.15000000000000005,0.0,-0.19666666666666646,-0.17333333333333348,0.007451875167554078,0.0009463426722895463,-0.003606037554225061,-0.0010097105925949517,0.0008498161293539752,3.2855812596196188,0
2024-10-01,0.12666666666666662,0.17333333333333348,0.0,0.22333333333333316,-0.15000000000000005,0.0364929247208415,0.0020069344657116517,0.0017284977567365207,-0.0033177823159267206,0.0004208513560974107,1.8352819713321367,0
2025-01-01,0.0433333333333333,0.029999999999999954,0.03333333333333351,-0.03666666666666648,-0.023333333333333133,-0.03698456689453078,0.0034051549493015663,0.0023608651600802353,0.0034590278284944986,-0.001020696936308833,-0.6505944225686733,0
2025-04-01,0.07333333333333354,0.05666666666666664,-0.03333333333333351,0.033333333333333215,0.010000000000000083,0.006576757004604694,-0.000850611061310976,0.0014421721738564486,-0.0009209327472673815,0.0007357323413937541,3.766212643182598,0
2025-07-01,-0.10666666666666676,-0.08333333333333333,0.10000000000000024,-0.0866666666666666,-0.1033333333333335,-0.013285891430412219,0.0028499763949465517,0.0006218830744157225,-0.00040892340516407444,0.00013594392436674005,4.282379361041677,0
2025-10-01,0.023333333333333428,0.033333333333333215,0.0,0.006666666666666525,-0.11000000000000003,0.014489696759484083,-7.563110549687242e-06,3.311267508395351e-05,-0.003423900879681696,8.967572571035495e-06,0.6507754468714211,0
2026-01-01,-0.039212169745727825,-0.010403535331708555,0.003162627983670598,-0.018072803104684867,0.00900685792650558,0.02111949774260179,0.0018080632134529135,0.0033126120983600557,0.002989384185206253,-0.00010835462023665285,,0
